title,price,rating,disk_size,ram,link
"HP Notebook Laptop, 15.6"" HD Touchscreen, Intel Core i3-1115G4 Processor, 32GB RAM, 1TB PCIe SSD, Webcam, Type-C, HDMI, SD Card Reader, Wi-Fi, Windows 11 Home, Silver",431.0,4.1,1024.0,32.0,https://amazon.com//HP-Notebook-Touchscreen-i3-1115G4-Processor/dp/B0BZ8X9HGT/ref=sr_1_159?crid=I8G9EC239QAO&dib=eyJ2IjoiMSJ9.Ad2TRJ9CWnc8746C_7MmzUtBbd8FO2ikYpGGCGNQ30tPt2CdnRtR6LlC_DHVaD3Tag7AsGspFtI58W0zJyb8DdfGNLd_xPv0x9tBrK5M3SDhmSKrKAF2UJ6IbIJh6_zaJR9VnZH1wx30uq-BncanAoNIIKc7lvzrcas04FmpcVujwSjq2K5cbXQmYS0Y-XZnNrNNVzcnW0Toenk-VItpVW5E4QK3vD8qcvJ5BhboNoerlWGAN7LtTlHiVbcbJBdt3-VL12Zm6jTPQbPFpYwcR5UxVfC0P1nJP8kiDqX1dkY.W7jUZGjeihcDf9rkvbyVOyJnffGi9ZCJF6hBgbJsgGs&dib_tag=se&keywords=laptop&qid=1747429438&refinements=p_123%3A219979%7C308445%7C391242&rnid=85457740011&s=electronics&sprefix=lap%2Caps%2C118&sr=1-159
"HP Premium 17.3"" Touchscreen Laptop, 8-Cores Intel Core i3-N305, 32GB RAM, 128GB eMMC + 1TB SSD, Webcam, HDMI, Wi-Fi 6, Windows 11 S, Silver",949.0,4.5,1024.0,32.0,https://amazon.com//HP-Premium-Touchscreen-8-Cores-i3-N305/dp/B0DQ5SGHSH/ref=sr_1_161?crid=I8G9EC239QAO&dib=eyJ2IjoiMSJ9.Ad2TRJ9CWnc8746C_7MmzUtBbd8FO2ikYpGGCGNQ30tPt2CdnRtR6LlC_DHVaD3Tag7AsGspFtI58W0zJyb8DdfGNLd_xPv0x9tBrK5M3SDhmSKrKAF2UJ6IbIJh6_zaJR9VnZH1wx30uq-BncanAoNIIKc7lvzrcas04FmpcVujwSjq2K5cbXQmYS0Y-XZnNrNNVzcnW0Toenk-VItpVW5E4QK3vD8qcvJ5BhboNoerlWGAN7LtTlHiVbcbJBdt3-VL12Zm6jTPQbPFpYwcR5UxVfC0P1nJP8kiDqX1dkY.W7jUZGjeihcDf9rkvbyVOyJnffGi9ZCJF6hBgbJsgGs&dib_tag=se&keywords=laptop&qid=1747429438&refinements=p_123%3A219979%7C308445%7C391242&rnid=85457740011&s=electronics&sprefix=lap%2Caps%2C118&sr=1-161
"HP 17t Laptop, 17.3"" HD+ Touchscreen, Intel Core i5-1334U, 32GB RAM, 512GB SSD, Fingerprint Reader, Webcam, HDMI, Backlit KB, Wi-Fi 6, Windows 11 Home, Silver",699.0,4.6,512.0,32.0,https://amazon.com//HP-Touchscreen-i5-1135G7-Backlit-Windows/dp/B0B4YJ94FR/ref=sr_1_39?crid=I8G9EC239QAO&dib=eyJ2IjoiMSJ9.i50qUXBFrzAnR5R_QtrLEOlw-JNSzhArAdT6SeVDT_iv6PnTsNfgjqh5Z0ZJQTEQaJT134nPfNrknNPUsIXX1k2CrE2m1uQ2sbIVS3hOexgvb816tl4xxiJ_ZCpzxUKtAfjjV4p3Rzo32LF24GVPTrJSMGs-qSlTBaTbMjLB6XKBZV1fXZer3e1pclsa3PH7DDSKFmm3KMTC47PGOShuQwuk_27G3aexCILdt9tpR9ibWoK9C9y1exYg03i9bjBob23pdMFy2ylLVcl-HDmsweNkArOOLQtWpWXa-4tLig0.WxggSFDw8NVflyj4mQXdYTyI3OqY0QL64LIn2ra0NMI&dib_tag=se&keywords=laptop&qid=1747429395&refinements=p_123%3A219979%7C308445%7C391242&rnid=85457740011&s=electronics&sprefix=lap%2Caps%2C118&sr=1-39
"Lenovo Flagship Chromebook, 14'' FHD Touchscreen Slim Thin Light Laptop Computer, 8-Core MediaTek Kompanio 520 Processor, 4GB RAM, 64GB eMMC, WiFi 6,Chrome OS, Abyss Blue",215.96,4.3,64.0,4.0,https://amazon.com//Lenovo-Newest-Flagship-Chromebook-HubxcelAccesory/dp/B0CBJ46QZX/ref=sr_1_193?crid=I8G9EC239QAO&dib=eyJ2IjoiMSJ9.90AcmYC6IIOSQaTMGzdelC4sa4voPTJ43IQrX-teytTcMPECF-_SwHiN5bV0Em82UEOg5FyNtNrwWjm8ayeAbyLT-3FEZKJsTgFEByBoqmO_ucUvPQHL6FZLH1R1bJLBqC3_bUA4ggSFZtiEIUuXj-elKFo_hgbWQS8XAQP-UgAM8CNJbvgXZ_KsWB5lXI5DGTHKnG-LrTuG1jLL5Z75A-pz53-ANeZVQ4HBpi-2BmAso-HjlR7AwUpgLSP7gv_UAEVcFjtIRWecbLY53eb8dJ7p5v0Oith_qPFY-RvT3iI.xm25AE8fow-ISHFh5jM4RPQ4hOvUFIxXkHZqF4y0ujs&dib_tag=se&keywords=laptop&qid=1747429456&refinements=p_123%3A219979%7C308445%7C391242&rnid=85457740011&s=electronics&sprefix=lap%2Caps%2C118&sr=1-193
"HP 15 Laptop for Home or Work, Intel Celeron N4120 Processor, 15.6"" HD LED Display, 16GB RAM, 256GB SSD, SD Card Reader, HDMI, Webcam, WiFi, Bluetooth, Windows 11 Pro, WOWPC Recovery USB",369.99,4.3,256.0,16.0,https://amazon.com//HP-Laptop-Processor-Bluetooth-Recovery/dp/B0F4G3J7C4/ref=sr_1_205?crid=I8G9EC239QAO&dib=eyJ2IjoiMSJ9.90AcmYC6IIOSQaTMGzdelC4sa4voPTJ43IQrX-teytTcMPECF-_SwHiN5bV0Em82UEOg5FyNtNrwWjm8ayeAbyLT-3FEZKJsTgFEByBoqmO_ucUvPQHL6FZLH1R1bJLBqC3_bUA4ggSFZtiEIUuXj-elKFo_hgbWQS8XAQP-UgAM8CNJbvgXZ_KsWB5lXI5DGTHKnG-LrTuG1jLL5Z75A-pz53-ANeZVQ4HBpi-2BmAso-HjlR7AwUpgLSP7gv_UAEVcFjtIRWecbLY53eb8dJ7p5v0Oith_qPFY-RvT3iI.xm25AE8fow-ISHFh5jM4RPQ4hOvUFIxXkHZqF4y0ujs&dib_tag=se&keywords=laptop&qid=1747429456&refinements=p_123%3A219979%7C308445%7C391242&rnid=85457740011&s=electronics&sprefix=lap%2Caps%2C118&sr=1-205
"Lenovo 11.6"" 300e Chromebook Touchscreen LCD 2 in 1- MediaTek M8173C Quad-core 2.1GHz 4GB LPDDR3 32GB Flash Memory Chrome OS Model 81H00000US (Renewed)",49.95,3.9,32.0,4.0,https://amazon.com//Lenovo-11-6-300e-Chromebook-Touchscreen/dp/B07RJZMC49/ref=sr_1_216?crid=I8G9EC239QAO&dib=eyJ2IjoiMSJ9.90AcmYC6IIOSQaTMGzdelC4sa4voPTJ43IQrX-teytTcMPECF-_SwHiN5bV0Em82UEOg5FyNtNrwWjm8ayeAbyLT-3FEZKJsTgFEByBoqmO_ucUvPQHL6FZLH1R1bJLBqC3_bUA4ggSFZtiEIUuXj-elKFo_hgbWQS8XAQP-UgAM8CNJbvgXZ_KsWB5lXI5DGTHKnG-LrTuG1jLL5Z75A-pz53-ANeZVQ4HBpi-2BmAso-HjlR7AwUpgLSP7gv_UAEVcFjtIRWecbLY53eb8dJ7p5v0Oith_qPFY-RvT3iI.xm25AE8fow-ISHFh5jM4RPQ4hOvUFIxXkHZqF4y0ujs&dib_tag=se&keywords=laptop&qid=1747429456&refinements=p_123%3A219979%7C308445%7C391242&rnid=85457740011&s=electronics&sprefix=lap%2Caps%2C118&sr=1-216
"HP Chromebook 14A G5 Laptop 14"" HD 1366 x 768 AMD A4-9120C Processor AMD Radeon R4 Graphics 4GB DDR4 RAM 32GB eMMC 1.6 GHz Chrome OS Wi-Fi Bluetooth Natural Silver (Renewed)",55.32,4.2,32.0,4.0,https://amazon.com//HP-Chromebook-14A-G5-Dual-core/dp/B0CBD827W3/ref=sr_1_218?crid=I8G9EC239QAO&dib=eyJ2IjoiMSJ9.Fr06ZYQst4IWs3H3ZS3StVwC67YdguDCzx4LWuD6gFVHwLsTwhGqVzzLt3QGRnX4v-VTENaEYzNxXsCSJPcAdqQyurwi5CaEJqqNoRqgOlFxwj2ilz1ppoNF6fRpV1QFc9djTgskk2p_sco-XVb6P9EpwMZP4DaxvyNz9jXSTrv6jtDQw6KZN4F9SwNxcO6m_2Jtwci_gDuKvOdGwcYTG7d-YkpzjJjXLO3oqbknZRJNsBN_CcczSxUAllYEnOFrZGem8y5kwdm6Qwv94dbplwJVzY2AsTT8eIJmZdI1W3o.FgS4RYUf4PMHdDOXmdBI1sNP5znIWyWXToy37Yy1Xa8&dib_tag=se&keywords=laptop&qid=1747429463&refinements=p_123%3A219979%7C308445%7C391242&rnid=85457740011&s=electronics&sprefix=lap%2Caps%2C118&sr=1-218
"HP 15 Notebook Laptop, 15.6"" Full HD Display, Intel Core i5-1135G7 Processor, 32GB DDR4 RAM, 1TB PCIe SSD, USB Type-C, Webcam, Wi-Fi, Windows 11 Home, Silver",480.0,4.4,1024.0,32.0,https://amazon.com//HP-Notebook-i5-1135G7-Processor-Fingerprint/dp/B09X87GW3P/ref=sr_1_42?crid=I8G9EC239QAO&dib=eyJ2IjoiMSJ9.i50qUXBFrzAnR5R_QtrLEOlw-JNSzhArAdT6SeVDT_iv6PnTsNfgjqh5Z0ZJQTEQaJT134nPfNrknNPUsIXX1k2CrE2m1uQ2sbIVS3hOexgvb816tl4xxiJ_ZCpzxUKtAfjjV4p3Rzo32LF24GVPTrJSMGs-qSlTBaTbMjLB6XKBZV1fXZer3e1pclsa3PH7DDSKFmm3KMTC47PGOShuQwuk_27G3aexCILdt9tpR9ibWoK9C9y1exYg03i9bjBob23pdMFy2ylLVcl-HDmsweNkArOOLQtWpWXa-4tLig0.WxggSFDw8NVflyj4mQXdYTyI3OqY0QL64LIn2ra0NMI&dib_tag=se&keywords=laptop&qid=1747429395&refinements=p_123%3A219979%7C308445%7C391242&rnid=85457740011&s=electronics&sprefix=lap%2Caps%2C118&sr=1-42
"HP 15.6 Touch-Screen-Laptop, 32GB RAM 1TB SSD Intel 6-Core i3-1215U(up to 4.4GHz) Student-Computer, Laptop-Computer with Win11 WiFi6 Bluetooth Ultra-Fast Performance for Work Entertainment",579.99,3.5,1024.0,32.0,https://amazon.com//Touch-Screen-Laptop-Student-Computer-Laptop-Computer-Performance-Entertainment/dp/B0F1FLD862/ref=sr_1_225?crid=I8G9EC239QAO&dib=eyJ2IjoiMSJ9.Fr06ZYQst4IWs3H3ZS3StVwC67YdguDCzx4LWuD6gFVHwLsTwhGqVzzLt3QGRnX4v-VTENaEYzNxXsCSJPcAdqQyurwi5CaEJqqNoRqgOlFxwj2ilz1ppoNF6fRpV1QFc9djTgskk2p_sco-XVb6P9EpwMZP4DaxvyNz9jXSTrv6jtDQw6KZN4F9SwNxcO6m_2Jtwci_gDuKvOdGwcYTG7d-YkpzjJjXLO3oqbknZRJNsBN_CcczSxUAllYEnOFrZGem8y5kwdm6Qwv94dbplwJVzY2AsTT8eIJmZdI1W3o.FgS4RYUf4PMHdDOXmdBI1sNP5znIWyWXToy37Yy1Xa8&dib_tag=se&keywords=laptop&qid=1747429463&refinements=p_123%3A219979%7C308445%7C391242&rnid=85457740011&s=electronics&sprefix=lap%2Caps%2C118&sr=1-225
"HP 2024 Premium 14"" Micro-Edge Portable Laptop Student Business, Intel Quad-Core N4120, 4GB RAM, 128GB (64GB eMMC+ 64GB Card), Webcam, WiFi, Windows 11S + 1 Year Office 365, MarxsolAccessory White",249.0,4.3,64.0,4.0,https://amazon.com//HP-14-Micro-Edge-Laptop-MarxsolAccessory/dp/B0D1GWMVF9/ref=sr_1_43?crid=I8G9EC239QAO&dib=eyJ2IjoiMSJ9.i50qUXBFrzAnR5R_QtrLEOlw-JNSzhArAdT6SeVDT_iv6PnTsNfgjqh5Z0ZJQTEQaJT134nPfNrknNPUsIXX1k2CrE2m1uQ2sbIVS3hOexgvb816tl4xxiJ_ZCpzxUKtAfjjV4p3Rzo32LF24GVPTrJSMGs-qSlTBaTbMjLB6XKBZV1fXZer3e1pclsa3PH7DDSKFmm3KMTC47PGOShuQwuk_27G3aexCILdt9tpR9ibWoK9C9y1exYg03i9bjBob23pdMFy2ylLVcl-HDmsweNkArOOLQtWpWXa-4tLig0.WxggSFDw8NVflyj4mQXdYTyI3OqY0QL64LIn2ra0NMI&dib_tag=se&keywords=laptop&qid=1747429395&refinements=p_123%3A219979%7C308445%7C391242&rnid=85457740011&s=electronics&sprefix=lap%2Caps%2C118&sr=1-43
"HP 17.3"" Business Laptop, Free Microsoft Office 2024, Copilot AI Chat, Non-Touch Widescreen FHD Display, Intel 6-Core i3-1215U Upto 4.4 GHz, 16GB DDR4, 2TB SSD, 6 Hours Battery, Windows 11 Pro",615.0,3.9,2048.0,16.0,https://amazon.com//HP-Business-Microsoft-Widescreen-1920x1080/dp/B0CP6KRVRJ/ref=sr_1_245?crid=I8G9EC239QAO&dib=eyJ2IjoiMSJ9.d-Zsmcw0VuJ_GWk9HJ-RqcMOYv1bcUL0pbFFhsrHsmPyjANllxYAtvgPakBVEpr-H-TX0HB64H_JSWQDa4Eq4-3LNagxP13CHbMuUNJiZiqkdp3JAoi-UaXTSjUTAUT7rfpnENbn0P98PUONU1yJpNCKsW5Ebmq-IyUdspD1lWIrc1ENJQyAqrdP_zMS_KX0k0TlO-CR0TOu4BE6C9flXXii86yt8em-Z9dj3R9e3ZbE6zOVmBDdMTBC3e6Cnzn-eozYae3hlwGgYaVNT58RrMHwi5ObxOvtWaE-JrNl_yM.a3X7jick12uuaqIG-Dn3Xnf3xndV__eYsckaxTUc1bM&dib_tag=se&keywords=laptop&qid=1747429470&refinements=p_123%3A219979%7C308445%7C391242&rnid=85457740011&s=electronics&sprefix=lap%2Caps%2C118&sr=1-245
HP 14 Ultrabook â€¢ Intel 4-Core CPU â€¢ Back to School Limited Edition with Microsoft 365 â€¢ 32GB RAM â€¢ 1600GB Storage (64GB OnBoard withHP 512GB P500 Portable SSD + 1TB OneDrive) â€¢ Win 11 Pro â€¢ Pink,449.99,3.1,576.0,32.0,https://amazon.com//HP-Ultrabook-Microsoft-Portable-OneDrive/dp/B0DY35CL38/ref=sr_1_247?crid=I8G9EC239QAO&dib=eyJ2IjoiMSJ9.d-Zsmcw0VuJ_GWk9HJ-RqcMOYv1bcUL0pbFFhsrHsmPyjANllxYAtvgPakBVEpr-H-TX0HB64H_JSWQDa4Eq4-3LNagxP13CHbMuUNJiZiqkdp3JAoi-UaXTSjUTAUT7rfpnENbn0P98PUONU1yJpNCKsW5Ebmq-IyUdspD1lWIrc1ENJQyAqrdP_zMS_KX0k0TlO-CR0TOu4BE6C9flXXii86yt8em-Z9dj3R9e3ZbE6zOVmBDdMTBC3e6Cnzn-eozYae3hlwGgYaVNT58RrMHwi5ObxOvtWaE-JrNl_yM.a3X7jick12uuaqIG-Dn3Xnf3xndV__eYsckaxTUc1bM&dib_tag=se&keywords=laptop&qid=1747429470&refinements=p_123%3A219979%7C308445%7C391242&rnid=85457740011&s=electronics&sprefix=lap%2Caps%2C118&sr=1-247
"Lenovo IdeaPad 3i 14"" FHD Display Laptop, 12th Gen Intel 10-Core i5-1235U(Beat i7-1165G7), 8GB RAM, 512GB SSD, Fingerprint Reader, Backlit Keyboard, Windows 11, ABYS Mouse Pad",409.0,4.4,512.0,8.0,https://amazon.com//Lenovo-i5-1235U-i7-1165G7-Fingerprint-Keyboard/dp/B0BZSLX826/ref=sr_1_250?crid=I8G9EC239QAO&dib=eyJ2IjoiMSJ9.d-Zsmcw0VuJ_GWk9HJ-RqcMOYv1bcUL0pbFFhsrHsmPyjANllxYAtvgPakBVEpr-H-TX0HB64H_JSWQDa4Eq4-3LNagxP13CHbMuUNJiZiqkdp3JAoi-UaXTSjUTAUT7rfpnENbn0P98PUONU1yJpNCKsW5Ebmq-IyUdspD1lWIrc1ENJQyAqrdP_zMS_KX0k0TlO-CR0TOu4BE6C9flXXii86yt8em-Z9dj3R9e3ZbE6zOVmBDdMTBC3e6Cnzn-eozYae3hlwGgYaVNT58RrMHwi5ObxOvtWaE-JrNl_yM.a3X7jick12uuaqIG-Dn3Xnf3xndV__eYsckaxTUc1bM&dib_tag=se&keywords=laptop&qid=1747429470&refinements=p_123%3A219979%7C308445%7C391242&rnid=85457740011&s=electronics&sprefix=lap%2Caps%2C118&sr=1-250
"HP Flagship 14"" Laptop with 1 Year Office 365 | 8GB RAM | 1.28TB Storage(128GB EMMC & 160GB Docking Station & 1TB Cloud Storage) | Intel 4-Core Processor| Webcam | Silver | Windows 11",379.0,1.6,128.0,8.0,https://amazon.com//HP-Flagship-Storage-Docking-Processor/dp/B0DHXL849T/ref=sr_1_252?crid=I8G9EC239QAO&dib=eyJ2IjoiMSJ9.d-Zsmcw0VuJ_GWk9HJ-RqcMOYv1bcUL0pbFFhsrHsmPyjANllxYAtvgPakBVEpr-H-TX0HB64H_JSWQDa4Eq4-3LNagxP13CHbMuUNJiZiqkdp3JAoi-UaXTSjUTAUT7rfpnENbn0P98PUONU1yJpNCKsW5Ebmq-IyUdspD1lWIrc1ENJQyAqrdP_zMS_KX0k0TlO-CR0TOu4BE6C9flXXii86yt8em-Z9dj3R9e3ZbE6zOVmBDdMTBC3e6Cnzn-eozYae3hlwGgYaVNT58RrMHwi5ObxOvtWaE-JrNl_yM.a3X7jick12uuaqIG-Dn3Xnf3xndV__eYsckaxTUc1bM&dib_tag=se&keywords=laptop&qid=1747429470&refinements=p_123%3A219979%7C308445%7C391242&rnid=85457740011&s=electronics&sprefix=lap%2Caps%2C118&sr=1-252
"HP 2024 14"" Laptop Notebook Thin Light for Students Business, Quad-Core Intel N4120, 4GB RAM, 128GB (64GB eMMC+ 64GB Card), 1 Year Office 365, Webcam, WiFi, Windows 11S, HubxcelAccessory White",259.0,4.2,64.0,4.0,https://amazon.com//HP-Newest-14-Laptop-HubxcelAccessory/dp/B0D1LRCVFC/ref=sr_1_258?crid=I8G9EC239QAO&dib=eyJ2IjoiMSJ9.d-Zsmcw0VuJ_GWk9HJ-RqcMOYv1bcUL0pbFFhsrHsmPyjANllxYAtvgPakBVEpr-H-TX0HB64H_JSWQDa4Eq4-3LNagxP13CHbMuUNJiZiqkdp3JAoi-UaXTSjUTAUT7rfpnENbn0P98PUONU1yJpNCKsW5Ebmq-IyUdspD1lWIrc1ENJQyAqrdP_zMS_KX0k0TlO-CR0TOu4BE6C9flXXii86yt8em-Z9dj3R9e3ZbE6zOVmBDdMTBC3e6Cnzn-eozYae3hlwGgYaVNT58RrMHwi5ObxOvtWaE-JrNl_yM.a3X7jick12uuaqIG-Dn3Xnf3xndV__eYsckaxTUc1bM&dib_tag=se&keywords=laptop&qid=1747429470&refinements=p_123%3A219979%7C308445%7C391242&rnid=85457740011&s=electronics&sprefix=lap%2Caps%2C118&sr=1-258
"Lenovo 2024 IdeaPad 1 Gen 7 Laptop, 15.6"" FHD Touchscreen, Intel Core i3-1215U, 24GB RAM, 1TB SSD, SD Card Reader, HDMI, Webcam, Wi-Fi 6, Windows 11 Home, Grey",391.95,4.1,1024.0,24.0,https://amazon.com//Lenovo-IdeaPad-Touchscreen-i3-1215U-Windows/dp/B0DCW8359T/ref=sr_1_264?crid=I8G9EC239QAO&dib=eyJ2IjoiMSJ9.d-Zsmcw0VuJ_GWk9HJ-RqcMOYv1bcUL0pbFFhsrHsmPyjANllxYAtvgPakBVEpr-H-TX0HB64H_JSWQDa4Eq4-3LNagxP13CHbMuUNJiZiqkdp3JAoi-UaXTSjUTAUT7rfpnENbn0P98PUONU1yJpNCKsW5Ebmq-IyUdspD1lWIrc1ENJQyAqrdP_zMS_KX0k0TlO-CR0TOu4BE6C9flXXii86yt8em-Z9dj3R9e3ZbE6zOVmBDdMTBC3e6Cnzn-eozYae3hlwGgYaVNT58RrMHwi5ObxOvtWaE-JrNl_yM.a3X7jick12uuaqIG-Dn3Xnf3xndV__eYsckaxTUc1bM&dib_tag=se&keywords=laptop&qid=1747429470&refinements=p_123%3A219979%7C308445%7C391242&rnid=85457740011&s=electronics&sprefix=lap%2Caps%2C118&sr=1-264
"HP 14"" HD Laptop, Windows 11, Intel Celeron Dual-Core Processor Up to 2.60GHz, 4GB RAM, 64GB SSD, Webcam, Dale Pink (Renewed)",182.99,4.2,64.0,4.0,https://amazon.com//HP-14-Laptop-Dual-Core-Processor/dp/B09VRX9YVW/ref=sr_1_47?crid=I8G9EC239QAO&dib=eyJ2IjoiMSJ9.i50qUXBFrzAnR5R_QtrLEOlw-JNSzhArAdT6SeVDT_iv6PnTsNfgjqh5Z0ZJQTEQaJT134nPfNrknNPUsIXX1k2CrE2m1uQ2sbIVS3hOexgvb816tl4xxiJ_ZCpzxUKtAfjjV4p3Rzo32LF24GVPTrJSMGs-qSlTBaTbMjLB6XKBZV1fXZer3e1pclsa3PH7DDSKFmm3KMTC47PGOShuQwuk_27G3aexCILdt9tpR9ibWoK9C9y1exYg03i9bjBob23pdMFy2ylLVcl-HDmsweNkArOOLQtWpWXa-4tLig0.WxggSFDw8NVflyj4mQXdYTyI3OqY0QL64LIn2ra0NMI&dib_tag=se&keywords=laptop&qid=1747429395&refinements=p_123%3A219979%7C308445%7C391242&rnid=85457740011&s=electronics&sprefix=lap%2Caps%2C118&sr=1-47
"HP Windows 11 Pro 15 15.6"" FHD Business Laptop Computer,11th Gen Intel Core i5-1135G7, 16GB RAM 512GB SSD, Intel Iris Xe Graphic, Numeric Pad, Long Battery Life, Wi-Fi 5, Bluetooth 4.2, USB, w/Battery",434.0,3.8,512.0,16.0,https://amazon.com//HP-Business-Laptop-i5-1135G7-Bluetooth/dp/B0CGD7T1XM/ref=sr_1_272?crid=I8G9EC239QAO&dib=eyJ2IjoiMSJ9.QTp5z666x21sS3pbd8PDrtz1FHgMxJFVCBYE95UXSilyswVkkRwm3A0t54AQt7n_MzLQcP4YvE4DQ3I1873NdRUJNZCUnpi1U7kciiqnxb8rTVJEp2EeYgvTfcG1lLzSxc4WZ7BgO4Wg-1Twwz05MYaRlsA9KSWNSwxVj5i64nTxzqtlIKxAMqx7oWoTuHCjcJCqPIKsVsxMH7tYOU-2x9J28AgD7WOu1F63Y6YSstCY0IxFc3YIesFRgD_TFnS_C0OmtK5JQV4Iz4kIGk2wa4pw9ONK5yc2gvrQ8ukytS0.8lY6Vo2iEgJxoZk_o5nl-7EmbEZAzfBQnsVi5nOiS48&dib_tag=se&keywords=laptop&qid=1747429478&refinements=p_123%3A219979%7C308445%7C391242&rnid=85457740011&s=electronics&sprefix=lap%2Caps%2C118&sr=1-272
"ASUS Chromebook CX1, 14"" FHD, IntelÂ® Celeron N4500 Processor, 64GB Storage, 4GB RAM, ChromeOS, Transparent Silver, CX1400CKA-AS44F",170.0,4.2,64.0,4.0,https://amazon.com//ASUS-Chromebook-Processor-Transparent-CX1400CKA-AS88F/dp/B0CRTJ1LZ4/ref=sr_1_280?crid=I8G9EC239QAO&dib=eyJ2IjoiMSJ9.QTp5z666x21sS3pbd8PDrtz1FHgMxJFVCBYE95UXSilyswVkkRwm3A0t54AQt7n_MzLQcP4YvE4DQ3I1873NdRUJNZCUnpi1U7kciiqnxb8rTVJEp2EeYgvTfcG1lLzSxc4WZ7BgO4Wg-1Twwz05MYaRlsA9KSWNSwxVj5i64nTxzqtlIKxAMqx7oWoTuHCjcJCqPIKsVsxMH7tYOU-2x9J28AgD7WOu1F63Y6YSstCY0IxFc3YIesFRgD_TFnS_C0OmtK5JQV4Iz4kIGk2wa4pw9ONK5yc2gvrQ8ukytS0.8lY6Vo2iEgJxoZk_o5nl-7EmbEZAzfBQnsVi5nOiS48&dib_tag=se&keywords=laptop&qid=1747429478&refinements=p_123%3A219979%7C308445%7C391242&rnid=85457740011&s=electronics&sprefix=lap%2Caps%2C118&sr=1-280
"HP 15.6"", Laptop Intel Pentium Processor 4GB RAM, 128GB UFS, Scarlet Red, Windows 11, 15-fd0083wm (Renewed)",189.99,4.3,128.0,4.0,https://amazon.com//HP-Pentium-Processor-Scarlet-15-fd0083wm/dp/B0CP4DV16W/ref=sr_1_284?crid=I8G9EC239QAO&dib=eyJ2IjoiMSJ9.QTp5z666x21sS3pbd8PDrtz1FHgMxJFVCBYE95UXSilyswVkkRwm3A0t54AQt7n_MzLQcP4YvE4DQ3I1873NdRUJNZCUnpi1U7kciiqnxb8rTVJEp2EeYgvTfcG1lLzSxc4WZ7BgO4Wg-1Twwz05MYaRlsA9KSWNSwxVj5i64nTxzqtlIKxAMqx7oWoTuHCjcJCqPIKsVsxMH7tYOU-2x9J28AgD7WOu1F63Y6YSstCY0IxFc3YIesFRgD_TFnS_C0OmtK5JQV4Iz4kIGk2wa4pw9ONK5yc2gvrQ8ukytS0.8lY6Vo2iEgJxoZk_o5nl-7EmbEZAzfBQnsVi5nOiS48&dib_tag=se&keywords=laptop&qid=1747429478&refinements=p_123%3A219979%7C308445%7C391242&rnid=85457740011&s=electronics&sprefix=lap%2Caps%2C118&sr=1-284
"HP Pavilion x360 14 inch Laptop, FHD Touchscreen, 13th Generation Intel Core i3-1315U, 8 GB RAM, 256 GB SSD, Intel UHD Graphics, Windows 11 Home, 14-ek1099nr (2024)",499.99,4.4,256.0,8.0,https://amazon.com//HP-Pavilion-Touchscreen-Generation-14-ek1099nr/dp/B0CYJB1LFP/ref=sr_1_287?crid=I8G9EC239QAO&dib=eyJ2IjoiMSJ9.QTp5z666x21sS3pbd8PDrtz1FHgMxJFVCBYE95UXSilyswVkkRwm3A0t54AQt7n_MzLQcP4YvE4DQ3I1873NdRUJNZCUnpi1U7kciiqnxb8rTVJEp2EeYgvTfcG1lLzSxc4WZ7BgO4Wg-1Twwz05MYaRlsA9KSWNSwxVj5i64nTxzqtlIKxAMqx7oWoTuHCjcJCqPIKsVsxMH7tYOU-2x9J28AgD7WOu1F63Y6YSstCY0IxFc3YIesFRgD_TFnS_C0OmtK5JQV4Iz4kIGk2wa4pw9ONK5yc2gvrQ8ukytS0.8lY6Vo2iEgJxoZk_o5nl-7EmbEZAzfBQnsVi5nOiS48&dib_tag=se&keywords=laptop&qid=1747429478&refinements=p_123%3A219979%7C308445%7C391242&rnid=85457740011&s=electronics&sprefix=lap%2Caps%2C118&sr=1-287
"HP 15.6 inch Laptop, FHD Display, 12th Gen Intel Core i5, 16 GB RAM, 512 GB SSD, Intel Iris Xe Graphics, Windows 11 Home, 15-dy5399nr (2023),Silver",484.99,4.3,512.0,16.0,https://amazon.com//HP-12th-Gen-i5-15-dy5399nr/dp/B0BVGHGBPH/ref=sr_1_291?crid=I8G9EC239QAO&dib=eyJ2IjoiMSJ9.Y83rLIsH5X5K9GF70dSoEBna-6i5I0qBRB6uwbuE-3jV_nqC3CfDK2MditW2TWLMtXosAUC2Itf8kC-vZyTFsUSacybZHaAtEfGa5CV6UF3S3YfeRjmXhPhk0W7DoxLH5CASxDmpnrAC3EsyYXe2D0_QCYT5CktUocn8YmisYmx8t2FpBiPREwCHIjtV_d65NEowN2hQlqkvq4vMk84T2ClrgvnO1b-92xeIXK3fLo5yl0rCS_6E5BuqfghUMfCvp_Fmr20i9_pMuQHNB8JSuB_9gz21Bf2cldtXHhJ2kdU.QBac58LtW2yrgm-NkW6_xGf69H7Je2vhIMwCZhyonVo&dib_tag=se&keywords=laptop&qid=1747429485&refinements=p_123%3A219979%7C308445%7C391242&rnid=85457740011&s=electronics&sprefix=lap%2Caps%2C118&sr=1-291
"HP 17.3"""" Business Laptop, Free Microsoft Office 2021 with Lifetime License, Widescreen HD+ Display, Intel Quad-Core i3-1125G4 3.7 GHz, 32GB DDR4, 2TB SSD, 9.5 Hours Battery, Windows 11 Pro, Silver",596.48,3.6,2048.0,32.0,https://amazon.com//HP-Business-Microsoft-Widescreen-1920x1080/dp/B0CP6KXN1Z/ref=sr_1_296?crid=I8G9EC239QAO&dib=eyJ2IjoiMSJ9.Y83rLIsH5X5K9GF70dSoEBna-6i5I0qBRB6uwbuE-3jV_nqC3CfDK2MditW2TWLMtXosAUC2Itf8kC-vZyTFsUSacybZHaAtEfGa5CV6UF3S3YfeRjmXhPhk0W7DoxLH5CASxDmpnrAC3EsyYXe2D0_QCYT5CktUocn8YmisYmx8t2FpBiPREwCHIjtV_d65NEowN2hQlqkvq4vMk84T2ClrgvnO1b-92xeIXK3fLo5yl0rCS_6E5BuqfghUMfCvp_Fmr20i9_pMuQHNB8JSuB_9gz21Bf2cldtXHhJ2kdU.QBac58LtW2yrgm-NkW6_xGf69H7Je2vhIMwCZhyonVo&dib_tag=se&keywords=laptop&qid=1747429485&refinements=p_123%3A219979%7C308445%7C391242&rnid=85457740011&s=electronics&sprefix=lap%2Caps%2C118&sr=1-296
"HP 15 inch Laptop, HD Display, 13th Generation Intel Core i5-1334U, 8 GB RAM, 512 GB SSD, Intel Iris Xe Graphics, Windows 11 Home, 15-fd0012nr (2024)",449.99,4.2,512.0,8.0,https://amazon.com//HP-Generation-i5-1334U-Graphics-15-fd0012nr/dp/B0CXGPS24D/ref=sr_1_298?crid=I8G9EC239QAO&dib=eyJ2IjoiMSJ9.Y83rLIsH5X5K9GF70dSoEBna-6i5I0qBRB6uwbuE-3jV_nqC3CfDK2MditW2TWLMtXosAUC2Itf8kC-vZyTFsUSacybZHaAtEfGa5CV6UF3S3YfeRjmXhPhk0W7DoxLH5CASxDmpnrAC3EsyYXe2D0_QCYT5CktUocn8YmisYmx8t2FpBiPREwCHIjtV_d65NEowN2hQlqkvq4vMk84T2ClrgvnO1b-92xeIXK3fLo5yl0rCS_6E5BuqfghUMfCvp_Fmr20i9_pMuQHNB8JSuB_9gz21Bf2cldtXHhJ2kdU.QBac58LtW2yrgm-NkW6_xGf69H7Je2vhIMwCZhyonVo&dib_tag=se&keywords=laptop&qid=1747429485&refinements=p_123%3A219979%7C308445%7C391242&rnid=85457740011&s=electronics&sprefix=lap%2Caps%2C118&sr=1-298
"HP 15.6"" FHD Notebook Intel Core i5-1235U 8GB RAM 512GB SSD Natural Silver",360.0,4.2,512.0,8.0,https://amazon.com//HP-Notebook-i5-1235U-Natural-Silver/dp/B0D425FHN1/ref=sr_1_301?crid=I8G9EC239QAO&dib=eyJ2IjoiMSJ9.Y83rLIsH5X5K9GF70dSoEBna-6i5I0qBRB6uwbuE-3jV_nqC3CfDK2MditW2TWLMtXosAUC2Itf8kC-vZyTFsUSacybZHaAtEfGa5CV6UF3S3YfeRjmXhPhk0W7DoxLH5CASxDmpnrAC3EsyYXe2D0_QCYT5CktUocn8YmisYmx8t2FpBiPREwCHIjtV_d65NEowN2hQlqkvq4vMk84T2ClrgvnO1b-92xeIXK3fLo5yl0rCS_6E5BuqfghUMfCvp_Fmr20i9_pMuQHNB8JSuB_9gz21Bf2cldtXHhJ2kdU.QBac58LtW2yrgm-NkW6_xGf69H7Je2vhIMwCZhyonVo&dib_tag=se&keywords=laptop&qid=1747429485&refinements=p_123%3A219979%7C308445%7C391242&rnid=85457740011&s=electronics&sprefix=lap%2Caps%2C118&sr=1-301
"HP Victus 15.6 inch Laptop, FHD 144Hz Display, Intel Core i5-12450H, 8 GB RAM, 512 GB SSD, NVIDIA GeForce RTX 2050 GPU (4 GB Dedicated), Windows 11 Home, 15-fa1029nr (2024)",579.99,4.4,512.0,8.0,https://amazon.com//HP-Display-i5-12450H-Dedicated-15-fa1029nr/dp/B0CVNJ7LLN/ref=sr_1_308?crid=I8G9EC239QAO&dib=eyJ2IjoiMSJ9.Y83rLIsH5X5K9GF70dSoEBna-6i5I0qBRB6uwbuE-3jV_nqC3CfDK2MditW2TWLMtXosAUC2Itf8kC-vZyTFsUSacybZHaAtEfGa5CV6UF3S3YfeRjmXhPhk0W7DoxLH5CASxDmpnrAC3EsyYXe2D0_QCYT5CktUocn8YmisYmx8t2FpBiPREwCHIjtV_d65NEowN2hQlqkvq4vMk84T2ClrgvnO1b-92xeIXK3fLo5yl0rCS_6E5BuqfghUMfCvp_Fmr20i9_pMuQHNB8JSuB_9gz21Bf2cldtXHhJ2kdU.QBac58LtW2yrgm-NkW6_xGf69H7Je2vhIMwCZhyonVo&dib_tag=se&keywords=laptop&qid=1747429485&refinements=p_123%3A219979%7C308445%7C391242&rnid=85457740011&s=electronics&sprefix=lap%2Caps%2C118&sr=1-308
"HP Stream 14"" HD BrightView Laptop, Intel Celeron N4120 Processor, 16GB RAM, 64GB SSD, Intel UHD Graphics, 720p Webcam, WiFi, HDMI, Win 11 S, Silver (Renewed)",198.0,4.2,64.0,16.0,https://amazon.com//HP-Stream-BrightView-Processor-Graphics/dp/B0DGP311QD/ref=sr_1_51?crid=I8G9EC239QAO&dib=eyJ2IjoiMSJ9.r4CRiQ4LgsVKT-gu1z32el95CPoIzyLho9Uadyl5h4z7_jQCka7rL7nXw9VxDleu10LsSCeMavkvH1uyx3-UrpjvpsG6Zu9_vfZMS8nUv7zp_B2tWcRlFwODkSR7ohxipV3H4lr7Ai8Y4ZGPgQn9UC0TYpzM2c65KmJLWxK47bmjpEXKEbdwtPOuPJFQ4jSRmrXgeZ2OwAnkWeaAbEn7kqRrhrDmb72TLg2J2fT0vtAJA0zdSA7AdYEI9TQdbrNvapmmuOuU868WpzHgiNp8y4w29DKZJ8ISKp6nzUcFpVQ.FFVbl0Owl-WR7_JacrsqxRrh2EAuGc1rGEKg2cwK6hU&dib_tag=se&keywords=laptop&qid=1747429404&refinements=p_123%3A219979%7C308445%7C391242&rnid=85457740011&s=electronics&sprefix=lap%2Caps%2C118&sr=1-51
"HP Laptop for Business and Student, 15.6"" HD Touchscreen, Intel 6-Core i3-1215U Processor, 16GB RAM, 512GB SSD, lntel UHD Graphics, Windows 11 Home, with Microsoft Office Lifetime License",429.92,3.9,512.0,16.0,https://amazon.com//HP-Laptop-Touchscreen-Processor-Microsoft/dp/B0D1Q6CK2Y/ref=sr_1_309?crid=I8G9EC239QAO&dib=eyJ2IjoiMSJ9.Y83rLIsH5X5K9GF70dSoEBna-6i5I0qBRB6uwbuE-3jV_nqC3CfDK2MditW2TWLMtXosAUC2Itf8kC-vZyTFsUSacybZHaAtEfGa5CV6UF3S3YfeRjmXhPhk0W7DoxLH5CASxDmpnrAC3EsyYXe2D0_QCYT5CktUocn8YmisYmx8t2FpBiPREwCHIjtV_d65NEowN2hQlqkvq4vMk84T2ClrgvnO1b-92xeIXK3fLo5yl0rCS_6E5BuqfghUMfCvp_Fmr20i9_pMuQHNB8JSuB_9gz21Bf2cldtXHhJ2kdU.QBac58LtW2yrgm-NkW6_xGf69H7Je2vhIMwCZhyonVo&dib_tag=se&keywords=laptop&qid=1747429485&refinements=p_123%3A219979%7C308445%7C391242&rnid=85457740011&s=electronics&sprefix=lap%2Caps%2C118&sr=1-309
"HP Portable 13.8"" HD IPS Laptop, Intel Celeron N Processor Up to 2.78GHz, 4GB DDR4, 64GB SSD, HDMI, RJ45, Webcam, Bluetooth, Windows 11, Pastel Pink(Renewed)",182.98,4.3,64.0,4.0,https://amazon.com//HP-Portable-Celeron-Processor-Bluetooth/dp/B0CS1D8B1R/ref=sr_1_311?crid=I8G9EC239QAO&dib=eyJ2IjoiMSJ9.Y83rLIsH5X5K9GF70dSoEBna-6i5I0qBRB6uwbuE-3jV_nqC3CfDK2MditW2TWLMtXosAUC2Itf8kC-vZyTFsUSacybZHaAtEfGa5CV6UF3S3YfeRjmXhPhk0W7DoxLH5CASxDmpnrAC3EsyYXe2D0_QCYT5CktUocn8YmisYmx8t2FpBiPREwCHIjtV_d65NEowN2hQlqkvq4vMk84T2ClrgvnO1b-92xeIXK3fLo5yl0rCS_6E5BuqfghUMfCvp_Fmr20i9_pMuQHNB8JSuB_9gz21Bf2cldtXHhJ2kdU.QBac58LtW2yrgm-NkW6_xGf69H7Je2vhIMwCZhyonVo&dib_tag=se&keywords=laptop&qid=1747429485&refinements=p_123%3A219979%7C308445%7C391242&rnid=85457740011&s=electronics&sprefix=lap%2Caps%2C118&sr=1-311
"HP Portable 13.8"" HD Touchscreen IPS Laptop, Intel Celeron N Processor Up to 2.78GHz, 4GB DDR4, 64GB SSD, HDMI, RJ45, Webcam, Bluetooth, Windows 11, Pastel Pink (Renewed)",249.99,4.2,64.0,4.0,https://amazon.com//HP-Portable-Touchscreen-Processor-Bluetooth/dp/B0D32QQKT2/ref=sr_1_312?crid=I8G9EC239QAO&dib=eyJ2IjoiMSJ9.Y83rLIsH5X5K9GF70dSoEBna-6i5I0qBRB6uwbuE-3jV_nqC3CfDK2MditW2TWLMtXosAUC2Itf8kC-vZyTFsUSacybZHaAtEfGa5CV6UF3S3YfeRjmXhPhk0W7DoxLH5CASxDmpnrAC3EsyYXe2D0_QCYT5CktUocn8YmisYmx8t2FpBiPREwCHIjtV_d65NEowN2hQlqkvq4vMk84T2ClrgvnO1b-92xeIXK3fLo5yl0rCS_6E5BuqfghUMfCvp_Fmr20i9_pMuQHNB8JSuB_9gz21Bf2cldtXHhJ2kdU.QBac58LtW2yrgm-NkW6_xGf69H7Je2vhIMwCZhyonVo&dib_tag=se&keywords=laptop&qid=1747429485&refinements=p_123%3A219979%7C308445%7C391242&rnid=85457740011&s=electronics&sprefix=lap%2Caps%2C118&sr=1-312
"HP 15.6"" inch Touch-Screen Laptop, AMD Ryzen 5 7520U, 8GB DDR5 Memory, 512GB SDD, Windows 11 Home in S Mode, AMD Radeon Graphics, Natural Silver, 15-fc0025dx",359.0,3.9,512.0,8.0,https://amazon.com//HP-Touch-Screen-Windows-Graphics-15-fc0025dx/dp/B0DB5B5WWS/ref=sr_1_318?crid=I8G9EC239QAO&dib=eyJ2IjoiMSJ9.gonM68yB2uZT3F6G--iaa3ly8a5vcukdQW5NANqZPD_idvwfk9sqk7kSiClzS-3xIi7K39bDW214oV-A4t7UhoG-ujqLNlTKu6rsupMqpB1ei0xeXZBqNIglV92947-Aw8R-hfml9IJyt2y-CVaJ-FSnsvR28VKGOYZkTh7OGanknU653fbko9YbTyW2OJUjthDnri3QPwuppYcXoizKfDzMEOEcf5qp25RzoZwyQZ8c4RtlaypHxiLTlo7YqpEiZjZsGlJE_KbcrLqGjnE-doos9wpSxU_NlRbHfILKUwQ.Htk_1W5vtL5_PD3397UxhhN_lYHK2QvPYpCowt5vHPA&dib_tag=se&keywords=laptop&qid=1747429493&refinements=p_123%3A219979%7C308445%7C391242&rnid=85457740011&s=electronics&sprefix=lap%2Caps%2C118&sr=1-318
"HP 15 Notebook, 15.6"" HD Screen Laptop, Intel Core i3-1115G4, 32GB DDR4 RAM, 1TB SSD, Webcam, HDMI, Wi-Fi, Windows 11 Home, Natural Silver",399.99,4.1,1024.0,32.0,https://amazon.com//HP-15-Notebook-i3-1115G4-Windows/dp/B0BN6WNJVY/ref=sr_1_319?crid=I8G9EC239QAO&dib=eyJ2IjoiMSJ9.gonM68yB2uZT3F6G--iaa3ly8a5vcukdQW5NANqZPD_idvwfk9sqk7kSiClzS-3xIi7K39bDW214oV-A4t7UhoG-ujqLNlTKu6rsupMqpB1ei0xeXZBqNIglV92947-Aw8R-hfml9IJyt2y-CVaJ-FSnsvR28VKGOYZkTh7OGanknU653fbko9YbTyW2OJUjthDnri3QPwuppYcXoizKfDzMEOEcf5qp25RzoZwyQZ8c4RtlaypHxiLTlo7YqpEiZjZsGlJE_KbcrLqGjnE-doos9wpSxU_NlRbHfILKUwQ.Htk_1W5vtL5_PD3397UxhhN_lYHK2QvPYpCowt5vHPA&dib_tag=se&keywords=laptop&qid=1747429493&refinements=p_123%3A219979%7C308445%7C391242&rnid=85457740011&s=electronics&sprefix=lap%2Caps%2C118&sr=1-319
"HP 11 G5 Chromebook 11.6'' Laptop Intel Celeron N 1.60GHz 4GB 16GB SSD - 1FX82UT, Black (Renewed)",42.99,3.7,16.0,16.0,https://amazon.com//HP-Chromebook-Laptop-Celeron-1-60GHz/dp/B0BZ565D6Z/ref=sr_1_338?crid=I8G9EC239QAO&dib=eyJ2IjoiMSJ9.moj2P_eKK18EwxLk85W37xM2l0BQq1lfK8Y6s6mF53JvE_uxMMkI0YknLS17f2cBuzmDCdrkN9XHaARMC4AspD5Kyvul5-8W3Yfl-PQvJ8UK_mSzOipOP2VjT5KGn7999KOKCP82iboLEz4jvalt5925NU1WNrNW-P5cMXkN0_8-obWUI0zpzw7E-ZQDxRA__nHesV-1cAtZT0oxp4AAEapbXEejKoot_PuIsdx7K9goqjeRQk9rFJuv5n_07OMq4qefBi_dTdVMgFcmTSIZc1GcL5spjaX3pHiD0Njge3s.aE0YX4JlRl9h1g0bDzud_A4OOEyMBmEzGXkxGHKLkPA&dib_tag=se&keywords=laptop&qid=1747429500&refinements=p_123%3A219979%7C308445%7C391242&rnid=85457740011&s=electronics&sprefix=lap%2Caps%2C118&sr=1-338
"Lenovo 2024 IdeaPad 1 Gen 7 Laptop, 15.6"" FHD Touchscreen, Intel Core i3-1215U, 16GB RAM, 1TB SSD, SD Card Reader, HDMI, Webcam, Wi-Fi 6, Windows 11 Home, Grey",392.0,4.4,1024.0,16.0,https://amazon.com//Lenovo-IdeaPad-Touchscreen-i3-1215U-Windows/dp/B0DCW8S2LY/ref=sr_1_342?crid=I8G9EC239QAO&dib=eyJ2IjoiMSJ9.moj2P_eKK18EwxLk85W37xM2l0BQq1lfK8Y6s6mF53JvE_uxMMkI0YknLS17f2cBuzmDCdrkN9XHaARMC4AspD5Kyvul5-8W3Yfl-PQvJ8UK_mSzOipOP2VjT5KGn7999KOKCP82iboLEz4jvalt5925NU1WNrNW-P5cMXkN0_8-obWUI0zpzw7E-ZQDxRA__nHesV-1cAtZT0oxp4AAEapbXEejKoot_PuIsdx7K9goqjeRQk9rFJuv5n_07OMq4qefBi_dTdVMgFcmTSIZc1GcL5spjaX3pHiD0Njge3s.aE0YX4JlRl9h1g0bDzud_A4OOEyMBmEzGXkxGHKLkPA&dib_tag=se&keywords=laptop&qid=1747429500&refinements=p_123%3A219979%7C308445%7C391242&rnid=85457740011&s=electronics&sprefix=lap%2Caps%2C118&sr=1-342
"HP 17 Inch Laptop, Intel Core i5-1235U Powerful Processor, 17.3"" FHD Anti-Glare Display, 32GB RAM, 1TB SSD, Windows 11 Home, Backlit Keyboard, Natural Silver, Alpacatec Accessory (Renewed)",529.0,3.8,1024.0,32.0,https://amazon.com//HP-Processor-Anti-Glare-Alpacatec-Accessory/dp/B0D8TTNT54/ref=sr_1_357?crid=I8G9EC239QAO&dib=eyJ2IjoiMSJ9.moj2P_eKK18EwxLk85W37xM2l0BQq1lfK8Y6s6mF53JvE_uxMMkI0YknLS17f2cBuzmDCdrkN9XHaARMC4AspD5Kyvul5-8W3Yfl-PQvJ8UK_mSzOipOP2VjT5KGn7999KOKCP82iboLEz4jvalt5925NU1WNrNW-P5cMXkN0_8-obWUI0zpzw7E-ZQDxRA__nHesV-1cAtZT0oxp4AAEapbXEejKoot_PuIsdx7K9goqjeRQk9rFJuv5n_07OMq4qefBi_dTdVMgFcmTSIZc1GcL5spjaX3pHiD0Njge3s.aE0YX4JlRl9h1g0bDzud_A4OOEyMBmEzGXkxGHKLkPA&dib_tag=se&keywords=laptop&qid=1747429500&refinements=p_123%3A219979%7C308445%7C391242&rnid=85457740011&s=electronics&sprefix=lap%2Caps%2C118&sr=1-357
"HP 17 Inch Laptop, Intel Core i5-1235U Powerful Processor, 17.3"" FHD Anti-Glare Display, 32GB RAM, 1TB SSD, Windows 11 Home, Backlit Keyboard, Natural Silver, Alpacatec Accessory (Renewed)",529.0,3.8,1024.0,32.0,https://amazon.com//HP-Processor-Anti-Glare-Alpacatec-Accessory/dp/B0D8TTNT54/ref=sr_1_374?crid=I8G9EC239QAO&dib=eyJ2IjoiMSJ9.LacEfyP_uyDdTdOnfT6eG_2MLwx7C2Pch7W7XHlgerjNup_DvJDPqMtWcUQspc2URb-ydZYuEaNyxck2nSdIBP_sMvRJ2iKVa7jse6KKbIoGNjRZ5qU5wFhxIqQEqDhetcglo55r1KvU1pWbSki-wFcms5SsLWP2TJLxSpmSSFIKy9CV7a5w0jgy5rY5H9erZCJMlhxSmQe1bX0-0M74zjFW6u7m_vbQ2RkMZGiGDnCxoejHYXE2muBKFr6AdQlET_WC8GfC3dVMlrVimrJ_6J-bmJgLbZ_AoyklyMfLIw4.zQUeLlBZZmGjOCz7eMvfQg7NoVXDE0yY8xn8WYHgBlE&dib_tag=se&keywords=laptop&qid=1747429508&refinements=p_123%3A219979%7C308445%7C391242&rnid=85457740011&s=electronics&sprefix=lap%2Caps%2C118&sr=1-374
"HP 15.6 inch Laptop, Intel Core i5-1135G7 Processor, 15.6"" FHD Anti-Glare LED Display, HDMI, Wi-Fi and Bluetooth, Lightweight Design, Fast Charge, Windows 11 Professional (20GB RAM | 2TB SSD)",525.0,5.0,2048.0,20.0,https://amazon.com//HP-i5-1135G7-Anti-Glare-Lightweight-Professional/dp/B0CJPHD3VH/ref=sr_1_381?crid=I8G9EC239QAO&dib=eyJ2IjoiMSJ9.LacEfyP_uyDdTdOnfT6eG_2MLwx7C2Pch7W7XHlgerjNup_DvJDPqMtWcUQspc2URb-ydZYuEaNyxck2nSdIBP_sMvRJ2iKVa7jse6KKbIoGNjRZ5qU5wFhxIqQEqDhetcglo55r1KvU1pWbSki-wFcms5SsLWP2TJLxSpmSSFIKy9CV7a5w0jgy5rY5H9erZCJMlhxSmQe1bX0-0M74zjFW6u7m_vbQ2RkMZGiGDnCxoejHYXE2muBKFr6AdQlET_WC8GfC3dVMlrVimrJ_6J-bmJgLbZ_AoyklyMfLIw4.zQUeLlBZZmGjOCz7eMvfQg7NoVXDE0yY8xn8WYHgBlE&dib_tag=se&keywords=laptop&qid=1747429508&refinements=p_123%3A219979%7C308445%7C391242&rnid=85457740011&s=electronics&sprefix=lap%2Caps%2C118&sr=1-381
Lenovo IdeaPad Slim 15.6 inch FHD Touch Laptop | AMD Ryzen 7-7730U(Beat i7-1355U) | AMD Radeon Graphics| Fingerprint | Backlit | 16GB RAM | 512GB SSD | Windows 11 Home | Bundle with Stylus Pen,538.0,4.5,512.0,16.0,https://amazon.com//Lenovo-IdeaPad-i7-1355U-Graphics-Fingerprint/dp/B0DMVFXM9L/ref=sr_1_383?crid=I8G9EC239QAO&dib=eyJ2IjoiMSJ9.LacEfyP_uyDdTdOnfT6eG_2MLwx7C2Pch7W7XHlgerjNup_DvJDPqMtWcUQspc2URb-ydZYuEaNyxck2nSdIBP_sMvRJ2iKVa7jse6KKbIoGNjRZ5qU5wFhxIqQEqDhetcglo55r1KvU1pWbSki-wFcms5SsLWP2TJLxSpmSSFIKy9CV7a5w0jgy5rY5H9erZCJMlhxSmQe1bX0-0M74zjFW6u7m_vbQ2RkMZGiGDnCxoejHYXE2muBKFr6AdQlET_WC8GfC3dVMlrVimrJ_6J-bmJgLbZ_AoyklyMfLIw4.zQUeLlBZZmGjOCz7eMvfQg7NoVXDE0yY8xn8WYHgBlE&dib_tag=se&keywords=laptop&qid=1747429508&refinements=p_123%3A219979%7C308445%7C391242&rnid=85457740011&s=electronics&sprefix=lap%2Caps%2C118&sr=1-383
"HP 2023 Chromebook Laptop, 14 Inch Display, Intel Celeron N4120 Processor, 4GB RAM, 64GB eMMC, Intel UHD Graphics 600, WiFi, Bluetooth, Chrome OS, Modern Gray",164.0,4.2,64.0,4.0,https://amazon.com//HP-Chromebook-Processor-Graphics-Bluetooth/dp/B0C7MR5RDH/ref=sr_1_63?crid=I8G9EC239QAO&dib=eyJ2IjoiMSJ9.r4CRiQ4LgsVKT-gu1z32el95CPoIzyLho9Uadyl5h4z7_jQCka7rL7nXw9VxDleu10LsSCeMavkvH1uyx3-UrpjvpsG6Zu9_vfZMS8nUv7zp_B2tWcRlFwODkSR7ohxipV3H4lr7Ai8Y4ZGPgQn9UC0TYpzM2c65KmJLWxK47bmjpEXKEbdwtPOuPJFQ4jSRmrXgeZ2OwAnkWeaAbEn7kqRrhrDmb72TLg2J2fT0vtAJA0zdSA7AdYEI9TQdbrNvapmmuOuU868WpzHgiNp8y4w29DKZJ8ISKp6nzUcFpVQ.FFVbl0Owl-WR7_JacrsqxRrh2EAuGc1rGEKg2cwK6hU&dib_tag=se&keywords=laptop&qid=1747429404&refinements=p_123%3A219979%7C308445%7C391242&rnid=85457740011&s=electronics&sprefix=lap%2Caps%2C118&sr=1-63
"Lenovo 2024 IdeaPad 1 Gen 7 Laptop, 15.6"" FHD Touchscreen, Intel Core i3-1215U, 16GB RAM, 512GB SSD, SD Card Reader, HDMI, Webcam, Wi-Fi 6, Windows 11 Home, Grey",356.47,4.3,512.0,16.0,https://amazon.com//Lenovo-IdeaPad-Touchscreen-i3-1215U-Windows/dp/B0DCW8FLBK/ref=sr_1_73?crid=I8G9EC239QAO&dib=eyJ2IjoiMSJ9.7rfatygIcbABNIhO2tqJNYSHuL_PdftbNVY2LcRcZ0kjHyZcUVwDfIDYiqaAvOurM5aNSkJpaMcfdtZDZPkj59pT8Dftl5FNFF8HWxK5EXGivMfUCAGMpRm6fKIo6yfJiVa6PkF6LDbbVZssyOH5IXqS1G5Lu5IYfpT8I_soIggJZShNs3NUkVYgR8Xubdo3959R7sW_-jfmQz_yVP14rl3q5fbyDuUepkbJ8MMk4G4KN24hqXAdeAno8x1jOs59Dh4f675EuBaaBRgvW4jMe3bSWwLyLx2L3kRd54qZ6l4.0p7cpuo8Pc1mO9xrvMm9SbDMvYfG8XiMTAYFt9h9hAs&dib_tag=se&keywords=laptop&qid=1747429412&refinements=p_123%3A219979%7C308445%7C391242&rnid=85457740011&s=electronics&sprefix=lap%2Caps%2C118&sr=1-73
"ASUS Lightweight 15.5"" Full HD Laptop, Windows 11 Home OS, Intel Celeron Processor Up to 2.76GHz, 4GB LPDDR4, 128GB SSD, Backlit Keyboard, Dark Gray (Renewed)",172.99,4.1,128.0,4.0,https://amazon.com//ASUS-Lightweight-15-5-Laptop-Processor/dp/B0D6PHQVSV/ref=sr_1_74?crid=I8G9EC239QAO&dib=eyJ2IjoiMSJ9.7rfatygIcbABNIhO2tqJNYSHuL_PdftbNVY2LcRcZ0kjHyZcUVwDfIDYiqaAvOurM5aNSkJpaMcfdtZDZPkj59pT8Dftl5FNFF8HWxK5EXGivMfUCAGMpRm6fKIo6yfJiVa6PkF6LDbbVZssyOH5IXqS1G5Lu5IYfpT8I_soIggJZShNs3NUkVYgR8Xubdo3959R7sW_-jfmQz_yVP14rl3q5fbyDuUepkbJ8MMk4G4KN24hqXAdeAno8x1jOs59Dh4f675EuBaaBRgvW4jMe3bSWwLyLx2L3kRd54qZ6l4.0p7cpuo8Pc1mO9xrvMm9SbDMvYfG8XiMTAYFt9h9hAs&dib_tag=se&keywords=laptop&qid=1747429412&refinements=p_123%3A219979%7C308445%7C391242&rnid=85457740011&s=electronics&sprefix=lap%2Caps%2C118&sr=1-74
"HP 2024 Portable 15'' HD Micro-Edge IPS Laptop, Intel Pentium Processor Up to 3.68GHz, 16GB DDR4, 128GB SSD, HDMI, Webcam, Ultra-Fast 6th Gen WiFi, Windows 11 OS, Dale Red (Renewed)",211.99,4.2,128.0,16.0,https://amazon.com//HP-15-Micro-Edge-Laptop-Ultra-Fast/dp/B0CTWGKR2C/ref=sr_1_78?crid=I8G9EC239QAO&dib=eyJ2IjoiMSJ9.7rfatygIcbABNIhO2tqJNYSHuL_PdftbNVY2LcRcZ0kjHyZcUVwDfIDYiqaAvOurM5aNSkJpaMcfdtZDZPkj59pT8Dftl5FNFF8HWxK5EXGivMfUCAGMpRm6fKIo6yfJiVa6PkF6LDbbVZssyOH5IXqS1G5Lu5IYfpT8I_soIggJZShNs3NUkVYgR8Xubdo3959R7sW_-jfmQz_yVP14rl3q5fbyDuUepkbJ8MMk4G4KN24hqXAdeAno8x1jOs59Dh4f675EuBaaBRgvW4jMe3bSWwLyLx2L3kRd54qZ6l4.0p7cpuo8Pc1mO9xrvMm9SbDMvYfG8XiMTAYFt9h9hAs&dib_tag=se&keywords=laptop&qid=1747429412&refinements=p_123%3A219979%7C308445%7C391242&rnid=85457740011&s=electronics&sprefix=lap%2Caps%2C118&sr=1-78
"HP 14 Series 14"" Touchscreen Laptop Intel Celeron N4020 4GB RAM 64 GB eMMC Pale Rose Gold",249.0,4.1,4.0,4.0,https://amazon.com//HP-Touchscreen-Portable-Microsoft-14-dq0070nr/dp/B0949SGBF8/ref=sr_1_80?crid=I8G9EC239QAO&dib=eyJ2IjoiMSJ9.7rfatygIcbABNIhO2tqJNYSHuL_PdftbNVY2LcRcZ0kjHyZcUVwDfIDYiqaAvOurM5aNSkJpaMcfdtZDZPkj59pT8Dftl5FNFF8HWxK5EXGivMfUCAGMpRm6fKIo6yfJiVa6PkF6LDbbVZssyOH5IXqS1G5Lu5IYfpT8I_soIggJZShNs3NUkVYgR8Xubdo3959R7sW_-jfmQz_yVP14rl3q5fbyDuUepkbJ8MMk4G4KN24hqXAdeAno8x1jOs59Dh4f675EuBaaBRgvW4jMe3bSWwLyLx2L3kRd54qZ6l4.0p7cpuo8Pc1mO9xrvMm9SbDMvYfG8XiMTAYFt9h9hAs&dib_tag=se&keywords=laptop&qid=1747429412&refinements=p_123%3A219979%7C308445%7C391242&rnid=85457740011&s=electronics&sprefix=lap%2Caps%2C118&sr=1-80
"HP Premium Stream 14"" HD BrightView Laptop, Intel Celeron N4120, 16GB RAM, 64GB eMMC Storage, UHD Graphics, HD Webcam, 1 Year Office 365, Bluetooth, WiFi, HDMI, Win 11s, Pink, 32GB Hotface USB Card",309.0,4.2,64.0,16.0,https://amazon.com//HP-Stream-BrightView-Graphics-Bluetooth/dp/B0C4P29ZXH/ref=sr_1_87?crid=I8G9EC239QAO&dib=eyJ2IjoiMSJ9.7rfatygIcbABNIhO2tqJNYSHuL_PdftbNVY2LcRcZ0kjHyZcUVwDfIDYiqaAvOurM5aNSkJpaMcfdtZDZPkj59pT8Dftl5FNFF8HWxK5EXGivMfUCAGMpRm6fKIo6yfJiVa6PkF6LDbbVZssyOH5IXqS1G5Lu5IYfpT8I_soIggJZShNs3NUkVYgR8Xubdo3959R7sW_-jfmQz_yVP14rl3q5fbyDuUepkbJ8MMk4G4KN24hqXAdeAno8x1jOs59Dh4f675EuBaaBRgvW4jMe3bSWwLyLx2L3kRd54qZ6l4.0p7cpuo8Pc1mO9xrvMm9SbDMvYfG8XiMTAYFt9h9hAs&dib_tag=se&keywords=laptop&qid=1747429412&refinements=p_123%3A219979%7C308445%7C391242&rnid=85457740011&s=electronics&sprefix=lap%2Caps%2C118&sr=1-87
"Lenovo 2024 IdeaPad 1 Gen 7 Laptop, 15.6"" FHD Touchscreen, Intel Core i3-1215U, 24GB RAM, 1TB SSD, SD Card Reader, HDMI, Webcam, Wi-Fi 6, Windows 11 Home, Grey",391.95,4.1,1024.0,24.0,https://amazon.com//Lenovo-IdeaPad-Touchscreen-i3-1215U-Windows/dp/B0DCW8359T/ref=sr_1_88?crid=I8G9EC239QAO&dib=eyJ2IjoiMSJ9.7rfatygIcbABNIhO2tqJNYSHuL_PdftbNVY2LcRcZ0kjHyZcUVwDfIDYiqaAvOurM5aNSkJpaMcfdtZDZPkj59pT8Dftl5FNFF8HWxK5EXGivMfUCAGMpRm6fKIo6yfJiVa6PkF6LDbbVZssyOH5IXqS1G5Lu5IYfpT8I_soIggJZShNs3NUkVYgR8Xubdo3959R7sW_-jfmQz_yVP14rl3q5fbyDuUepkbJ8MMk4G4KN24hqXAdeAno8x1jOs59Dh4f675EuBaaBRgvW4jMe3bSWwLyLx2L3kRd54qZ6l4.0p7cpuo8Pc1mO9xrvMm9SbDMvYfG8XiMTAYFt9h9hAs&dib_tag=se&keywords=laptop&qid=1747429412&refinements=p_123%3A219979%7C308445%7C391242&rnid=85457740011&s=electronics&sprefix=lap%2Caps%2C118&sr=1-88
"Asus ZenBook 14 Pro oled Q415 Business Laptop (14"" Fhd+ Touchscreen, Intel 14-Core Ultra 5 125H, 8Gb ddr5, 512Gb ssd), Ai pc, Fhd Webcam, Win 11 Pro",579.0,4.5,512.0,8.0,https://amazon.com//ZenBook-Business-Laptop-Touchscreen-14-Core/dp/B0CDL3CQHV/ref=sr_1_125?crid=I8G9EC239QAO&dib=eyJ2IjoiMSJ9.LNCGc9OGBw5VkmNDcOQRD9epLpvTDOhSIfLjn4_-64Nq7veOwyueE77K-Oy1N4zQAloxc6Mg0wbA0kh1xCeNxechcocHldyNd2xoTAdKZDtxfAPMt1x_Nsp8cikFVps-qykNqtn-9NKCP_UptE_TcxLk35fPabTE4jnGa4sG7Ytna32R9yO6fw0EfTI4pbOMxoGsTybI06UtKeMH6PlypBqeK-xyDl__87VDGPzAXJ6IPSNQBjwdFfl9yZdpvnkP6Mm4IauGLVpK-F3BbkyK16lSZNgyN6SkfkyKDAwlA2o.WsxOnJlRCOhMC0VFrfwtYZC64FWMLIes9HuL-hSKZIc&dib_tag=se&keywords=laptop&qid=1747429428&refinements=p_123%3A219979%7C308445%7C391242&rnid=85457740011&s=electronics&sprefix=lap%2Caps%2C118&sr=1-125
"HP 15 Laptop, AMD Ryzen 3-5300U Processor, 8 GB RAM, 256 GB SSD Storage, 15.6-inch HD Micro-Edge Display, Windows 11 Home, Long-Lasting Battery, Fast Charge, 720p Webcam (15-ef2024nr), Natural silver",311.0,4.3,256.0,8.0,https://amazon.com//HP-Processor-Micro-Edge-Long-Lasting-15-ef2024nr/dp/B09J1PS4TG/ref=sr_1_127?crid=I8G9EC239QAO&dib=eyJ2IjoiMSJ9.LNCGc9OGBw5VkmNDcOQRD9epLpvTDOhSIfLjn4_-64Nq7veOwyueE77K-Oy1N4zQAloxc6Mg0wbA0kh1xCeNxechcocHldyNd2xoTAdKZDtxfAPMt1x_Nsp8cikFVps-qykNqtn-9NKCP_UptE_TcxLk35fPabTE4jnGa4sG7Ytna32R9yO6fw0EfTI4pbOMxoGsTybI06UtKeMH6PlypBqeK-xyDl__87VDGPzAXJ6IPSNQBjwdFfl9yZdpvnkP6Mm4IauGLVpK-F3BbkyK16lSZNgyN6SkfkyKDAwlA2o.WsxOnJlRCOhMC0VFrfwtYZC64FWMLIes9HuL-hSKZIc&dib_tag=se&keywords=laptop&qid=1747429428&refinements=p_123%3A219979%7C308445%7C391242&rnid=85457740011&s=electronics&sprefix=lap%2Caps%2C118&sr=1-127
"HP Flagship 14"" HD Laptop with 1 Year Office 365 | 16GB RAM | 1.22TB Storage(64GB EMMC & 160GB Docking Station Set & 1TB Cloud Storage) | Intel 4-Core Processor | Webcam | Win 11s | Blue",399.0,3.5,64.0,16.0,https://amazon.com//HP-Flagship-Storage-Docking-Processor/dp/B0DJD3FN16/ref=sr_1_128?crid=I8G9EC239QAO&dib=eyJ2IjoiMSJ9.LNCGc9OGBw5VkmNDcOQRD9epLpvTDOhSIfLjn4_-64Nq7veOwyueE77K-Oy1N4zQAloxc6Mg0wbA0kh1xCeNxechcocHldyNd2xoTAdKZDtxfAPMt1x_Nsp8cikFVps-qykNqtn-9NKCP_UptE_TcxLk35fPabTE4jnGa4sG7Ytna32R9yO6fw0EfTI4pbOMxoGsTybI06UtKeMH6PlypBqeK-xyDl__87VDGPzAXJ6IPSNQBjwdFfl9yZdpvnkP6Mm4IauGLVpK-F3BbkyK16lSZNgyN6SkfkyKDAwlA2o.WsxOnJlRCOhMC0VFrfwtYZC64FWMLIes9HuL-hSKZIc&dib_tag=se&keywords=laptop&qid=1747429428&refinements=p_123%3A219979%7C308445%7C391242&rnid=85457740011&s=electronics&sprefix=lap%2Caps%2C118&sr=1-128
HP 2020 Flagship 14 Chromebook Laptop Computer 14-inch HD SVA Anti-Glare Display Intel Celeron N5000 Processor 4GB DDR4 64GB eMMC WiFi Webcam Chrome OS (Renewed),138.99,4.4,64.0,4.0,https://amazon.com//Flagship-HP-Chromebook-Anti-Glare-Processor/dp/B08PDTLK1Q/ref=sr_1_34?crid=I8G9EC239QAO&dib=eyJ2IjoiMSJ9.i50qUXBFrzAnR5R_QtrLEOlw-JNSzhArAdT6SeVDT_iv6PnTsNfgjqh5Z0ZJQTEQaJT134nPfNrknNPUsIXX1k2CrE2m1uQ2sbIVS3hOexgvb816tl4xxiJ_ZCpzxUKtAfjjV4p3Rzo32LF24GVPTrJSMGs-qSlTBaTbMjLB6XKBZV1fXZer3e1pclsa3PH7DDSKFmm3KMTC47PGOShuQwuk_27G3aexCILdt9tpR9ibWoK9C9y1exYg03i9bjBob23pdMFy2ylLVcl-HDmsweNkArOOLQtWpWXa-4tLig0.WxggSFDw8NVflyj4mQXdYTyI3OqY0QL64LIn2ra0NMI&dib_tag=se&keywords=laptop&qid=1747429395&refinements=p_123%3A219979%7C308445%7C391242&rnid=85457740011&s=electronics&sprefix=lap%2Caps%2C118&sr=1-34
